{"stats":{"minecraft:picked_up":{"minecraft:redstone":2,"minecraft:shulker_box":1,"minecraft:netherite_ingot":5,"minecraft:magenta_wool":1,"minecraft:redstone_torch":3},"minecraft:custom":{"minecraft:time_since_rest":158128,"minecraft:inspect_dropper":63,"minecraft:sprint_one_cm":79045,"minecraft:open_enderchest":1,"minecraft:walk_one_cm":301249,"minecraft:trigger_trapped_chest":6,"minecraft:interact_with_anvil":1,"minecraft:drop":12,"minecraft:inspect_hopper":64,"minecraft:fly_one_cm":173741,"minecraft:open_chest":5,"minecraft:fill_cauldron":2,"minecraft:play_one_minute":158128,"minecraft:crouch_one_cm":4179,"minecraft:open_shulker_box":10,"minecraft:sneak_time":2827,"minecraft:jump":1214,"minecraft:leave_game":4,"minecraft:time_since_death":158128},"minecraft:dropped":{"minecraft:netherite_ingot":11,"minecraft:magenta_wool":1},"minecraft:used":{"minecraft:redstone_torch":40,"minecraft:piston":24,"minecraft:sticky_piston":8,"minecraft:glass":14,"minecraft:lever":1,"minecraft:netherite_block":734,"minecraft:black_wool":2,"minecraft:dropper":21,"minecraft:red_wool":35,"minecraft:redstone":153,"minecraft:stone_button":9,"minecraft:blue_wool":2,"minecraft:chest":5,"minecraft:ender_chest":1,"minecraft:redstone_block":2,"minecraft:cauldron":2,"minecraft:iron_door":2,"minecraft:beacon":1,"minecraft:yellow_wool":84,"minecraft:white_wool":6,"minecraft:repeater":37,"minecraft:redstone_lamp":3,"minecraft:anvil":1,"minecraft:comparator":20,"minecraft:magenta_wool":26,"minecraft:hopper":37,"minecraft:light_blue_wool":97,"minecraft:shulker_box":9,"minecraft:smooth_stone_slab":6,"minecraft:trapped_chest":2,"minecraft:purple_wool":4}},"DataVersion":2586}